Number of Digits, Sample Size, Time
10, 10, 5.6958e-05
10, 100, 0.00038975
10, 1000, 0.00320071
10, 10000, 0.0110782
10, 100000, 0.113646
