Number of Digits, Sample Size, Time
10, 10, 4.5e-06
10, 100, 4.3708e-05
10, 1000, 0.00103433
10, 10000, 0.00455417
10, 100000, 0.0552928
