Size,Time
10,0.000851875
100,0.000319792
1000,0.000266875
10000,0.000639625
100000,0.00143787
1000000,0.00394967
10000000,0.0445776
100000000,0.842124
