Size,Time
10,0.000111375
100,8.375e-05
1000,9.7458e-05
10000,9.2792e-05
100000,0.000306041
1000000,0.00234675
10000000,0.0237359
100000000,0.364778
