Size,Time
10,4.58e-07
100,7.91e-07
1000,4.917e-06
10000,4.6167e-05
100000,0.000480833
1000000,0.00466933
10000000,0.0541641
100000000,0.61966
